{"cameraMode":{"drawMode":0,"name":"Shaded","section":"Shading Mode"},"sceneLighting":true,"audioPlay":false,"sceneViewState":{"showFog":true,"showMaterialUpdate":false,"showSkybox":true,"showFlares":true,"showImageEffects":true,"showParticleSystems":true},"in2DMode":false,"pivot":{"x":45.63482666015625,"y":-9.103083610534668,"z":-18.123695373535158},"rotation":{"x":-0.1180284172296524,"y":-0.6794442534446716,"z":0.11209063977003098,"w":-0.7154491543769836},"size":73.81908416748047,"orthographic":false}