{"cameraMode":{"drawMode":0,"name":"Shaded","section":"Shading Mode"},"sceneLighting":true,"audioPlay":false,"sceneViewState":{"showFog":true,"showMaterialUpdate":false,"showSkybox":true,"showFlares":true,"showImageEffects":true,"showParticleSystems":true},"in2DMode":false,"pivot":{"x":5.960464477539063e-8,"y":1.4900000095367432,"z":20.06999969482422},"rotation":{"x":0.1317010521888733,"y":0.7324186563491821,"z":-0.1480875313282013,"w":0.6513745784759522},"size":5.981988430023193,"orthographic":true}